lambda,residual,omega_out,omega_in,predicted_omega_out,predicted_omega_in,lambda_out,lambda_in,E0,E1,E2,E3,E4,E5,gap01,gap12,gap23,gap34,gap45,min_gap,status
0.1,0.008599623824287472,0.930696823625976,0.930696823625976,0.9969860760212411,0.988412370809406,0.0030230351769673014,0.011723476488972847,17.192777547930085,18.097091865678934,18.168748134353596,18.185333036212207,18.1987075455696,18.213100967982992,0.9043143177488489,0.07165626867466202,0.016584901858610834,0.01337450935739426,0.014393422413391477,0.01337450935739426,✓
0.7999999999999999,0.12958102417972706,0.930696823625976,0.6204645490839841,0.871193305072774,0.6936856574450342,0.14785087784445977,0.44157514180583646,16.7569403961576,17.412290865847147,17.69509698434991,17.803477775288513,17.895701656279837,18.00782369158179,0.655350469689548,0.28280611850276216,0.10838079093860387,0.09222388099132317,0.11212203530195453,0.09222388099132317,✗
1.5,0.43135390803660123,0.930696823625976,0.31023227454199204,0.7596293409397717,0.5808788651868956,0.3164315095607746,0.7215293238087666,15.66991312769756,15.96618312374246,16.667207445335592,16.932123530957544,16.937356505798206,17.174463642999743,0.29626999604490045,0.7010243215931311,0.2649160856219517,0.005232974840662763,0.2371071372015372,0.005232974840662763,✗
