scenario_id,N,topology,alpha,lambda,bond_cutoff,hotspot_multiplier,frustration_time,deltaB,kappa,k0,backend,effective_backend,total_dim,source_site,raw_power,raw_residual,raw_r2,bg_power,bg_residual,bg_r2,delta_lambda_edge_l2,delta_lambda_edge_maxabs,shell_count,lambda_shell_json
N4_cycle_alpha0.8,4,cycle,0.8,1.0,4,1.5,1.0,6.5,0.2,4,auto,dense,4096,1,-0.0006863124658309853,2.000686312465831,0.001878824404331625,-6.803100539407295e-15,2.0000000000000067,0.0,1.1102230246251565e-16,5.551115123125783e-17,3,"{""0"": 0.7098001235001056, ""1"": 0.7098001235001052, ""2"": 0.7098001235001044}"
N4_path_alpha0.8,4,path,0.8,1.0,4,1.5,1.0,6.5,0.2,4,auto,dense,1024,1,-0.032586802782766995,2.032586802782767,0.9731257909336806,-0.6599423002179474,2.6599423002179474,0.9899230540102241,0.15251134005891157,0.08805246323748316,3,"{""0"": 0.5561481202214275, ""1"": 0.38004319374646084, ""2"": 0.20393826727149397}"
N4_star_alpha0.8,4,star,0.8,1.0,4,1.5,1.0,6.5,0.2,4,auto,dense,1024,0,-0.03839994047571396,2.038399940475714,0.9922415695407857,6.335548858600769e-15,1.9999999999999936,0.0,2.0396099332657776e-16,1.6653345369377348e-16,2,"{""0"": 0.8605030138105911, ""1"": 0.3469743791152215}"
