lambda,residual,omega_out,omega_in,predicted_omega_out,predicted_omega_in,lambda_out,lambda_in,E0,E1,E2,E3,E4,E5,gap01,gap12,gap23,gap34,gap45,min_gap,status
0.1,0.008599623824287472,0.930696823625976,0.930696823625976,0.9969860760212411,0.988412370809406,0.0030230351769673014,0.011723476488972847,17.192777547930085,18.097091865678934,18.168748134353596,18.185333036212207,18.1987075455696,18.213100967982992,0.9043143177488489,0.07165626867466202,0.016584901858610834,0.01337450935739426,0.014393422413391477,0.01337450935739426,✓
0.5666666666666667,0.4864026706739366,0.930696823625976,1.2409290981679681,0.9224794704087416,0.781276149162965,0.0840349645471349,0.2799571586453382,16.975599594673813,17.76151578143835,17.93354343177087,17.994714577168832,18.004528696622863,18.117019117322904,0.7859161867645383,0.1720276503325202,0.0611711453979602,0.0098141194540311,0.11249042070004123,0.0098141194540311,✗
1.0333333333333332,0.10468839826539211,0.930696823625976,0.6204645490839841,0.8244127144035551,0.6359149228495692,0.21298468901401943,0.5725374009449972,16.466801618101165,16.991532235018212,17.397869894984975,17.562458746825303,17.720644664750964,17.845105635390155,0.5247306169170471,0.40633765996676274,0.16458885184032823,0.1581859179256604,0.12446097063919126,0.12446097063919126,✗
1.5,0.43135390803660123,0.930696823625976,0.31023227454199204,0.7596293409397717,0.5808788651868956,0.3164315095607746,0.7215293238087666,15.66991312769756,15.96618312374246,16.667207445335592,16.932123530957544,16.937356505798206,17.174463642999743,0.29626999604490045,0.7010243215931311,0.2649160856219517,0.005232974840662763,0.2371071372015372,0.005232974840662763,✗
