model,N,topology,bond_cutoff,lambda_value,hotspot_multiplier,gamma_corr,gamma_corr_diag,spin2_measured_power,spin2_measured_slope,spin2_residual_power,spin2_r2,spin2_fit_quality,alpha_self_energy,alpha_fit_r2,alpha_fit_points
baseline,4,path,3,0.6,1.5,0.0,0.0,-0.004935320754556447,0.004935320754556447,2.0049353207545564,0.9707849430763551,True,-3.464668830731726e-16,0.0,3
correlated,4,path,3,0.6,1.5,0.05,0.0,-0.009004500809706864,0.009004500809706864,2.009004500809707,0.9709693823039992,True,-1.7564001754013436e-16,0.0,3
