N,topology,alpha,lambda,gamma_corr,gamma_corr_effective,gamma_mode,bond_cutoff,hotspot_multiplier,spin2_measured_power,spin2_measured_slope,spin2_residual_power,spin2_r2,spin2_fit_quality,postulate_residual,lambda_out,lambda_in,omega_out,omega_in,pred_out,pred_in,num_k_modes,num_k_angles
4,path,0.8,0.8,-0.25,0.0,taper_high,4,1.5,-0.008259618110471427,0.008259618110471427,2.0082596181104715,0.9747564352099602,True,0.31263313372900137,0.1137089531333725,0.2703859894403452,0.9037073700434296,1.093108443638911,0.9166178729910769,0.8221596414869132,16,24
4,path,0.8,0.8,-0.2,0.0,taper_high,4,1.5,-0.008259618110471427,0.008259618110471427,2.0082596181104715,0.9747564352099602,True,0.31263313372900137,0.1137089531333725,0.2703859894403452,0.9037073700434296,1.093108443638911,0.9166178729910769,0.8221596414869132,16,24
4,path,0.8,0.8,0.0,0.0,taper_high,4,1.5,-0.008259618110471427,0.008259618110471427,2.0082596181104715,0.9747564352099602,True,0.31263313372900137,0.1137089531333725,0.2703859894403452,0.9037073700434296,1.093108443638911,0.9166178729910769,0.8221596414869132,16,24
