lambda,residual,omega_out,omega_in,predicted_omega_out,predicted_omega_in,lambda_out,lambda_in,E0,E1,E2,E3,E4,E5,gap01,gap12,gap23,gap34,gap45,min_gap,status
0.1,0.0,0.930696823625976,0.930696823625976,0.9863352502178925,0.9863352502178925,0.01731757759226488,0.01731757759226488,23.585054197545986,24.48897469140755,24.49162107149821,24.491621071498226,24.49424532965301,24.550456578209022,0.9039204938615626,0.002646380090659761,1.7763568394002505e-14,0.0026242581547819555,0.056211248556014226,1.7763568394002505e-14,✓
0.38,0.0,0.930696823625976,0.930696823625976,0.8601090533132911,0.8601090533132911,0.2033040841562826,0.20330408415628287,23.392894441750666,24.201771620360038,24.346097766017778,24.363171122650265,24.363171122650275,24.38057594173193,0.8088771786093716,0.1443261456577396,0.01707335663248699,1.0658141036401503e-14,0.01740481908165492,1.0658141036401503e-14,✓
0.6599999999999999,2.220446049250313e-16,0.930696823625976,0.930696823625976,0.7350353313260494,0.7350353313260496,0.45059852462455413,0.4505985246245539,23.00025980617449,23.580492140451014,23.9825050651397,23.98250506513972,24.053738937793913,24.137379155050162,0.5802323342765234,0.40201292468868743,1.7763568394002505e-14,0.07123387265419368,0.08364021725624937,1.7763568394002505e-14,✓
0.9399999999999998,0.0,0.930696823625976,0.930696823625976,0.6509413368921803,0.6509413368921803,0.6702959301493026,0.6702959301493026,22.41760080811673,22.772489700283685,23.51245387829828,23.512453878298302,23.566587726610503,23.645149213509605,0.3548888921669544,0.7399641780145956,2.1316282072803006e-14,0.05413384831220114,0.07856148689910114,2.1316282072803006e-14,✓
1.22,2.220446049250313e-16,1.2409290981679681,1.2409290981679681,0.6043327697772063,0.6043327697772062,0.8183968543701937,0.8183968543701939,21.635707976680884,21.826033759804616,22.887426546885376,22.986769191350827,22.98676919135085,23.15382923286527,0.1903257831237326,1.0613927870807593,0.09934264446545171,2.1316282072803006e-14,0.16706004151442144,2.1316282072803006e-14,✓
1.5,2.220446049250313e-16,1.861393647251952,1.861393647251952,0.5899582117311336,0.5899582117311335,0.8687941368458694,0.8687941368458701,20.677174442329967,20.77644509012265,22.229929346227387,22.421914306962044,22.42191430696208,22.603659482248357,0.09927064779268235,1.453484256104737,0.19198496073465776,3.552713678800501e-14,0.18174517528627732,3.552713678800501e-14,✓
