lambda,residual,omega_out,omega_in,predicted_omega_out,predicted_omega_in,lambda_out,lambda_in,E0,E1,E2,E3,E4,E5,gap01,gap12,gap23,gap34,gap45,min_gap,status
0.1,0.008599623824287472,0.930696823625976,0.930696823625976,0.9969860760212411,0.988412370809406,0.0030230351769673014,0.011723476488972847,17.192777547930085,18.097091865678934,18.168748134353596,18.185333036212207,18.1987075455696,18.213100967982992,0.9043143177488489,0.07165626867466202,0.016584901858610834,0.01337450935739426,0.014393422413391477,0.01337450935739426,✓
0.38,0.09276791603520029,0.930696823625976,0.930696823625976,0.9607375262173317,0.8716119080533362,0.0408670138422247,0.1472996074977985,17.09833663493679,17.97982712426676,18.058706997821318,18.073824604489218,18.10748317424746,18.172803818620196,0.8814904893299698,0.07887987355455905,0.015117606667899963,0.03365856975824144,0.06532064437273633,0.015117606667899963,~
0.6599999999999999,0.15644780399714653,0.930696823625976,0.6204645490839841,0.9018905108355731,0.742359130423139,0.10878203948895258,0.34705691493281404,16.896750422578013,17.63111767800861,17.845969471052243,17.924525538495907,17.967148255843178,18.079068558387107,0.7343672554305982,0.214851793043632,0.07855606744366384,0.04262271734727108,0.11192030254392904,0.04262271734727108,✗
0.9399999999999998,0.11210595063752371,0.930696823625976,0.6204645490839841,0.8422088160993837,0.6558891640303807,0.18735399212681278,0.5246478442410739,16.591431783896248,17.16782606744431,17.523098110598596,17.66460146459048,17.801349115408776,17.917304955891808,0.576394283548062,0.3552720431542866,0.14150335399188307,0.13674765081829676,0.11595584048303209,0.11595584048303209,✗
1.22,0.4307103919988874,0.930696823625976,0.31023227454199204,0.7934242107576323,0.6062107897560384,0.2603598257294302,0.6495912261846033,16.182973039253508,16.608979927699526,17.12489668313165,17.335446334414502,17.47785333890036,17.644845200676425,0.4260068884460182,0.5159167554321229,0.21054965128285374,0.1424070044858574,0.16699186177606506,0.1424070044858574,✗
1.5,0.43135390803660123,0.930696823625976,0.31023227454199204,0.7596293409397717,0.5808788651868956,0.3164315095607746,0.7215293238087666,15.66991312769756,15.96618312374246,16.667207445335592,16.932123530957544,16.937356505798206,17.174463642999743,0.29626999604490045,0.7010243215931311,0.2649160856219517,0.005232974840662763,0.2371071372015372,0.005232974840662763,✗
