lambda,residual,omega_out,omega_in,predicted_omega_out,predicted_omega_in,lambda_out,lambda_in,E0,E1,E2,E3,E4,E5,gap01,gap12,gap23,gap34,gap45,min_gap,status
0.1,0.0,0.930696823625976,0.930696823625976,0.9863352502178925,0.9863352502178925,0.01731757759226488,0.01731757759226488,23.585054197545986,24.48897469140755,24.49162107149821,24.491621071498226,24.49424532965301,24.550456578209022,0.9039204938615626,0.002646380090659761,1.7763568394002505e-14,0.0026242581547819555,0.056211248556014226,1.7763568394002505e-14,✓
0.5666666666666667,0.0,0.930696823625976,0.930696823625976,0.7720510706086585,0.7720510706086585,0.36906387749005104,0.36906387749005104,23.152066702047023,23.81129015544232,24.121843542469907,24.121843542469943,24.165917220494006,24.23296466098948,0.659223453395299,0.3105533870275856,3.552713678800501e-14,0.0440736780240627,0.06704744049547529,3.552713678800501e-14,✓
1.0333333333333332,4.440892098500626e-16,1.2409290981679681,1.2409290981679681,0.6312749184702642,0.6312749184702644,0.7301198549580588,0.7301198549580585,22.179089341890236,22.470419513531304,23.340546841903464,23.342372844488608,23.34237284448863,23.489164857524514,0.2913301716410679,0.8701273283721598,0.001826002585143982,2.1316282072803006e-14,0.14679201303588485,2.1316282072803006e-14,✓
1.5,2.220446049250313e-16,1.861393647251952,1.861393647251952,0.5899582117311336,0.5899582117311335,0.8687941368458694,0.8687941368458701,20.677174442329967,20.77644509012265,22.229929346227387,22.421914306962044,22.42191430696208,22.603659482248357,0.09927064779268235,1.453484256104737,0.19198496073465776,3.552713678800501e-14,0.18174517528627732,3.552713678800501e-14,✓
