lambda,residual,omega_out,omega_in,predicted_omega_out,predicted_omega_in,lambda_out,lambda_in,E0,E1,E2,E3,E4,E5,gap01,gap12,gap23,gap34,gap45,min_gap,status
0.1,0.013649266383309655,0.930696823625976,0.930696823625976,0.9797411788269346,0.9931139271634412,0.025847159447408445,0.008667274529402628,17.188797158507242,18.0944510222379,18.09445102223791,18.09926480378149,18.158432952423457,18.187156148292402,0.9056538637306595,7.105427357601002e-15,0.004813781543582252,0.059168148641965956,0.02872319586894534,7.105427357601002e-15,✓
0.5666666666666667,0.28164229645761063,0.6204645490839841,0.930696823625976,0.7140538283258802,0.869972982484771,0.5005683050963554,0.18682622928107015,16.869287913959557,17.582932364367213,17.85009661226419,17.850096612264203,17.9197736412737,17.919773641273714,0.7136444504076564,0.2671642478969751,1.4210854715202004e-14,0.06967702900949746,1.4210854715202004e-14,1.4210854715202004e-14,✗
1.0333333333333332,1.6742373596142486,0.31023227454199204,0.930696823625976,0.5871927100105763,0.7784781576388865,0.8787730223651543,0.35569694568083043,16.191357589508094,16.61750369000219,17.23110632979425,17.23110632979427,17.44871079545587,17.448710795455877,0.4261461004940976,0.6136026397920595,1.7763568394002505e-14,0.2176044656616014,7.105427357601002e-15,7.105427357601002e-15,✗
1.5,2.6457357918827347,0.31023227454199204,1.2409290981679681,0.5518122354733986,0.7472995601028002,1.015263290016807,0.42268932933407205,15.210007531832886,15.430232964792317,16.439586648038684,16.439586648038706,16.565881960339794,16.66968040773508,0.2202254329594311,1.009353683246367,2.1316282072803006e-14,0.1262953123010888,0.10379844739528465,2.1316282072803006e-14,✗
