lambda,residual,omega_out,omega_in,predicted_omega_out,predicted_omega_in,lambda_out,lambda_in,E0,E1,E2,E3,E4,E5,gap01,gap12,gap23,gap34,gap45,min_gap,status
0.1,0.013649266383309655,0.930696823625976,0.930696823625976,0.9797411788269346,0.9931139271634412,0.025847159447408445,0.008667274529402628,17.188797158507242,18.0944510222379,18.09445102223791,18.09926480378149,18.158432952423457,18.187156148292402,0.9056538637306595,7.105427357601002e-15,0.004813781543582252,0.059168148641965956,0.02872319586894534,7.105427357601002e-15,✓
0.38,0.3873101800369043,1.2409290981679681,0.930696823625976,0.8125234664108247,0.9240912098679046,0.2884171063042014,0.10268032706282638,17.045830455414112,17.88001782132445,18.02062676534958,18.02062676534959,18.029986203697025,18.02998620369704,0.8341873659103385,0.14060894402512858,1.0658141036401503e-14,0.00935943834743469,1.4210854715202004e-14,1.0658141036401503e-14,✗
0.6599999999999999,0.2500536175939483,0.6204645490839841,0.930696823625976,0.6768720738707497,0.8460538000864253,0.5967300517389797,0.2274474151316512,16.759627343316744,17.41219043175196,17.743541702568827,17.743541702568844,17.852031149471895,17.852031149471898,0.6525630884352154,0.3313512708168673,1.7763568394002505e-14,0.10848944690305018,3.552713678800501e-15,3.552713678800501e-15,✗
0.9399999999999998,1.6870495762248174,0.31023227454199204,0.930696823625976,0.6026291373602639,0.7912221812764312,0.8242442117476385,0.32983437469289617,16.352210910436366,16.830964839685432,17.370727501015182,17.370727501015196,17.57022898908292,17.570228989082942,0.47875392924906635,0.5397626613297497,1.4210854715202004e-14,0.1995014880677246,2.1316282072803006e-14,1.4210854715202004e-14,✗
1.22,1.657166883985326,0.31023227454199204,0.930696823625976,0.5662192565246933,0.760337968586566,0.95762537761816,0.39400576012755706,15.833387013159532,16.165097533096294,16.93195290577851,16.931952905778516,17.14753585866265,17.16725424576926,0.33171051993676137,0.7668553726822154,7.105427357601002e-15,0.21558295288413376,0.01971838710661089,7.105427357601002e-15,✗
1.5,2.6457357918827347,0.31023227454199204,1.2409290981679681,0.5518122354733986,0.7472995601028002,1.015263290016807,0.42268932933407205,15.210007531832886,15.430232964792317,16.439586648038684,16.439586648038706,16.565881960339794,16.66968040773508,0.2202254329594311,1.009353683246367,2.1316282072803006e-14,0.1262953123010888,0.10379844739528465,2.1316282072803006e-14,✗
