chi,kappa_peak_lambda_span,deltaB_peak_lambda_span,hotspot_peak_lambda_span
4,0.09999999999999987,0.0,0.050000000000000044
5,0.1499999999999999,0.050000000000000044,0.10000000000000009
